Workbook

Sheet Sheet1
A1: no | B1: tanggal | C1: nama | D1: dusun | E1: rt | F1: rw | G1: desa | H1: keterangan
A2: 1 | B2: 2023-09-01 | C2: EMAY MARYATI | D2: =INDEX(conf!$B$2:$D$16,RANDBETWEEN(1,4),1) -> Rinduwangi | E2: =INDEX(conf!$B$2:$D$16,RANDBETWEEN(1,15),3) -> 010 | F2: =INDEX(conf!$B$2:$D$16,RANDBETWEEN(1,15),2) -> 011 | G2: =conf!$A$2 -> Mekarwangi | H2: Banyak masyarakat yang merasa khawatir karena harga pangan yang sering berfluktuasi dan sulit diprediksi.
A3: 2 | B3: 2023-09-01 | C3: MIA NURUL KHORIYAH | D3: =INDEX(conf!$B$2:$D$16,RANDBETWEEN(1,4),1) -> Pajagan | E3: =INDEX(conf!$B$2:$D$16,RANDBETWEEN(1,15),3) -> 012 | F3: =INDEX(conf!$B$2:$D$16,RANDBETWEEN(1,15),2) -> 003 | G3: =conf!$A$2 -> Mekarwangi | H3: menurut $nama Banyak masyarakat yang merasa khawatir karena harga pangan yang sering berfluktuasi dan sulit diprediksi.
A4: 3 | B4: 2023-09-01 | C4: IPAN NURDIN | D4: =INDEX(conf!$B$2:$D$16,RANDBETWEEN(1,4),1) -> Pajagan | E4: =INDEX(conf!$B$2:$D$16,RANDBETWEEN(1,15),3) -> 004 | F4: =INDEX(conf!$B$2:$D$16,RANDBETWEEN(1,15),2) -> 007 | G4: =conf!$A$2 -> Mekarwangi | H4: Harga kebutuhan pokok naik terus, sulit untuk mencukupi kebutuhan sehari-hari.
A5: 4 | B5: 2023-09-01 | C5: RASJA SUPRIATNA | D5: =INDEX(conf!$B$2:$D$16,RANDBETWEEN(1,4),1) -> Rinduwangi | E5: =INDEX(conf!$B$2:$D$16,RANDBETWEEN(1,15),3) -> 003 | F5: =INDEX(conf!$B$2:$D$16,RANDBETWEEN(1,15),2) -> 008 | G5: =conf!$A$2 -> Mekarwangi | H5: Pekerjaan sulit dicari, pengangguran meningkat di wilayah ini.
A6: 5 | B6: 2023-09-01 | C6: MUMUN MUNAWAROH | D6: =INDEX(conf!$B$2:$D$16,RANDBETWEEN(1,4),1) -> Cikerenceng | E6: =INDEX(conf!$B$2:$D$16,RANDBETWEEN(1,15),3) -> 005 | F6: =INDEX(conf!$B$2:$D$16,RANDBETWEEN(1,15),2) -> 009 | G6: =conf!$A$2 -> Mekarwangi | H6: Biaya pendidikan mahal, sulit bagi keluarga kurang mampu.
A7: 6 | B7: 2023-09-01 | C7: MUHAMMAD FARHANULIBAD | D7: =INDEX(conf!$B$2:$D$16,RANDBETWEEN(1,4),1) -> Rinduwangi | E7: =INDEX(conf!$B$2:$D$16,RANDBETWEEN(1,15),3) -> 003 | F7: =INDEX(conf!$B$2:$D$16,RANDBETWEEN(1,15),2) -> 005 | G7: =conf!$A$2 -> Mekarwangi | H7: Persaingan usaha tidak sehat, usaha kecil sulit bertahan.
A8: 7 | B8: 2023-09-02 | C8: AZKIA TRI AMALIA | D8: =INDEX(conf!$B$2:$D$16,RANDBETWEEN(1,4),1) -> Pajagan | E8: =INDEX(conf!$B$2:$D$16,RANDBETWEEN(1,15),3) -> 013 | F8: =INDEX(conf!$B$2:$D$16,RANDBETWEEN(1,15),2) -> 005 | G8: =conf!$A$2 -> Mekarwangi | H8: Banyak produk palsu, merugikan konsumen dan produsen asli.
A9: 8 | B9: 2023-09-02 | C9: AHIDIN | D9: =INDEX(conf!$B$2:$D$16,RANDBETWEEN(1,4),1) -> Lebakwangi | E9: =INDEX(conf!$B$2:$D$16,RANDBETWEEN(1,15),3) -> 008 | F9: =INDEX(conf!$B$2:$D$16,RANDBETWEEN(1,15),2) -> 009 | G9: =conf!$A$2 -> Mekarwangi | H9: Upah minimum rendah, sulit untuk hidup layak bagi warga.
A10: 9 | B10: 2023-09-02 | C10: ETI | D10: =INDEX(conf!$B$2:$D$16,RANDBETWEEN(1,4),1) -> Pajagan | E10: =INDEX(conf!$B$2:$D$16,RANDBETWEEN(1,15),3) -> 014 | F10: =INDEX(conf!$B$2:$D$16,RANDBETWEEN(1,15),2) -> 002 | G10: =conf!$A$2 -> Mekarwangi | H10: Birokrasi perizinan usaha sulit dan memakan waktu.
A11: 10 | B11: 2023-09-02 | C11: ADE RIZAL | D11: =INDEX(conf!$B$2:$D$16,RANDBETWEEN(1,4),1) -> Pajagan | E11: =INDEX(conf!$B$2:$D$16,RANDBETWEEN(1,15),3) -> 013 | F11: =INDEX(conf!$B$2:$D$16,RANDBETWEEN(1,15),2) -> 001 | G11: =conf!$A$2 -> Mekarwangi | H11: Ketimpangan sosial dan ekonomi semakin besar, kesenjangan kaya-miskin.
A12: 11 | B12: 2023-09-02 | C12: TATA | D12: =INDEX(conf!$B$2:$D$16,RANDBETWEEN(1,4),1) -> Cikerenceng | E12: =INDEX(conf!$B$2:$D$16,RANDBETWEEN(1,15),3) -> 006 | F12: =INDEX(conf!$B$2:$D$16,RANDBETWEEN(1,15),2) -> 006 | G12: =conf!$A$2 -> Mekarwangi | H12: Jalan rusak parah, mengganggu kelancaran lalu lintas dan merusak kendaraan.
A13: 12 | B13: 2023-09-02 | C13: CARSIH | D13: =INDEX(conf!$B$2:$D$16,RANDBETWEEN(1,4),1) -> Cikerenceng | E13: =INDEX(conf!$B$2:$D$16,RANDBETWEEN(1,15),3) -> 007 | F13: =INDEX(conf!$B$2:$D$16,RANDBETWEEN(1,15),2) -> 002 | G13: =conf!$A$2 -> Mekarwangi | H13: Kemacetan lalu lintas yang parah, menyebabkan waktu tempuh yang lama.
... A25: 24 | B25: 2023-09-05 | C25: ENJANG AQIL | D25: =INDEX(conf!$B$2:$D$16,RANDBETWEEN(1,4),1) -> Rinduwangi | E25: =INDEX(conf!$B$2:$D$16,RANDBETWEEN(1,15),3) -> 014 | F25: =INDEX(conf!$B$2:$D$16,RANDBETWEEN(1,15),2) -> 003 | G25: =conf!$A$2 -> Mekarwangi | H25: Tidak adanya fasilitas penyeberangan untuk hewan di jalan raya.

Sheet conf
A1: desa | B1: dusun | C1: rt | D1: rw
A2: Mekarwangi | B2: Rinduwangi | C2: 001 | D2: 001
B3: Lebakwangi | C3: 002 | D3: 002
B4: Cikerenceng | C4: 003 | D4: 003
B5: Pajagan | C5: 004 | D5: 004
C6: 005 | D6: 005
C7: 006 | D7: 006
C8: 007 | D8: 007
C9: 008 | D9: 008
C10: 009 | D10: 009
C11: 010 | D11: 010
C12: 011 | D12: 011
C13: 012 | D13: 012
C14: 013 | D14: 013
C15: 014 | D15: 014
C16: 015 | D16: 015
